<?xml version="1.0" encoding="utf-8"?>
<PluginInfo Platform="Mac" BasePlatform="Mac">
	<PluginLibs>
		<PluginLib LibName="Wwise Matrix Reverb" LibId="7536643" Type="Effect" DLL="AkMatrixReverb" StaticLib="AkMatrixReverbFX"/>
		<PluginLib LibName="Wwise RoomVerb" LibId="7733251" Type="Effect" DLL="AkRoomVerb" StaticLib="AkRoomVerbFX"/>
		<PluginLib LibName="System" LibId="11403271" Type="AudioDevice"/>
		<PluginLib LibName="No Output" LibId="11862023" Type="AudioDevice"/>
	</PluginLibs>
	<FileHash>{535329B6-9B8B-B7AB-ABB7-235D97F69A11}</FileHash>
</PluginInfo>
