<?xml version="1.0" encoding="utf-8"?>
<PluginInfo Platform="Windows" BasePlatform="Windows">
	<PluginLibs>
		<PluginLib LibName="Wwise Matrix Reverb" LibId="7536643" Type="Effect" DLL="AkMatrixReverb" StaticLib="AkMatrixReverbFX"/>
		<PluginLib LibName="Wwise RoomVerb" LibId="7733251" Type="Effect" DLL="AkRoomVerb" StaticLib="AkRoomVerbFX"/>
		<PluginLib LibName="System" LibId="11403271" Type="AudioDevice"/>
		<PluginLib LibName="No Output" LibId="11862023" Type="AudioDevice"/>
	</PluginLibs>
	<FileHash>{2BCD65F2-26AA-67BB-EFF4-6595F8B3B1D7}</FileHash>
</PluginInfo>
